subreddit,text,fecha,tokens
gaming,"Awesome, something to hold your Hot Pocket while you game.",2025-04-28T15:24:39,"['awesome', 'something', 'hold', 'hot', 'pocket', 'game']"
gaming,"She bought you an ashtray even though you don't smoke? Well, okay then. It's the thought that counts. Put your keys in it or something. Loose change. Little knickknacks.",2025-04-28T15:23:16,"['bought', 'ashtray', 'even', 'though', 'dont', 'smoke', 'well', 'okay', 'thought', 'count', 'put', 'key', 'something', 'loose', 'change', 'little', 'knickknack']"
gaming,Keys. It's now a key bowl. You will use it everyday.,2025-04-28T15:52:26,"['key', 'key', 'bowl', 'use', 'everyday']"
gaming,"Like getting gifted a gun rack, and not owning a gun.",2025-04-28T15:44:10,"['like', 'getting', 'gifted', 'gun', 'rack', 'owning', 'gun']"
gaming,Congrats. You have reached the sharing my Amazon wishlist with my partner phase of your relationship.¬†,2025-04-28T15:39:39,"['congrats', 'reached', 'sharing', 'amazon', 'wishlist', 'partner', 'phase', 'relationship']"
gaming,You need to take up smoking dude,2025-04-28T15:22:09,"['need', 'take', 'smoking', 'dude']"
gaming,Out of curiosity why would she get you an ashtray if you don't smoke? A display piece?,2025-04-28T15:24:18,"['curiosity', 'would', 'get', 'ashtray', 'dont', 'smoke', 'display', 'piece']"
gaming,Your name is ‚ÄúGame On‚Äù? Is that Korean?,2025-04-28T15:28:29,"['name', '‚Äúgame', 'on‚Äù', 'korean']"
gaming,"Wait, she got you a hand made personalized ash tray but youv never smoked? Its a lovely sentiment but it sounds like games isnt the only thing shes not fully informed about...",2025-04-28T15:34:36,"['wait', 'got', 'hand', 'made', 'personalized', 'ash', 'tray', 'youv', 'never', 'smoked', 'lovely', 'sentiment', 'sound', 'like', 'game', 'isnt', 'thing', 'shes', 'fully', 'informed']"
gaming,Reminds me of when Wayne gets a gun rack for his birthday in Wayne's World.,2025-04-28T15:49:26,"['reminds', 'wayne', 'get', 'gun', 'rack', 'birthday', 'wayne', 'world']"
gaming,"It's the thought that counts of course, but damn this thing is hideous",2025-04-28T15:55:15,"['thought', 'count', 'course', 'damn', 'thing', 'hideous']"
gaming,That is ugly,2025-04-28T15:42:02,['ugly']
gaming,Genuinely one of the worst gifts I've ever seen,2025-04-28T16:46:32,"['genuinely', 'one', 'worst', 'gift', 'ive', 'ever', 'seen']"
gaming,If you‚Äôre an adult this is not thoughtful and a shitty gift. You don‚Äôt smoke and she got you a cheap ashtray.,2025-04-28T15:54:35,"['you‚Äôre', 'adult', 'thoughtful', 'shitty', 'gift', 'don‚Äôt', 'smoke', 'got', 'cheap', 'ashtray']"
gaming,What is this abomination?,2025-04-28T16:08:54,['abomination']
gaming,"the love of your life hand-made you an astray, and knows you don't smoke? how does something like that even happen, i dont understand??",2025-04-28T16:46:21,"['love', 'life', 'handmade', 'astray', 'know', 'dont', 'smoke', 'something', 'like', 'even', 'happen', 'dont', 'understand']"
gaming,Okay dude‚Ä¶ Who tf post this shit on Reddit and who upvotes it?,2025-04-28T16:57:16,"['okay', 'dude‚Ä¶', 'tf', 'post', 'shit', 'reddit', 'upvotes']"
gaming,You would think the love of your life would invest a little time into at least understanding your hobby.,2025-04-28T15:35:01,"['would', 'think', 'love', 'life', 'would', 'invest', 'little', 'time', 'least', 'understanding', 'hobby']"
gaming,I bet she thought you could fit the remote in that üòÇüòÇ,2025-04-28T15:34:55,"['bet', 'thought', 'could', 'fit', 'remote']"
gaming,Get into eating lots of sunflower seeds,2025-04-28T15:28:16,"['get', 'eating', 'lot', 'sunflower', 'seed']"
gaming,"What's even that?

r/thanksIhateIt",2025-04-28T15:42:26,"['whats', 'even', 'rthanksihateit']"
gaming,I used to use an ashtray to hold a fountain pen while I reviewed and signed engineering documents. Cap on cap off got too annoying.,2025-04-28T18:00:47,"['used', 'use', 'ashtray', 'hold', 'fountain', 'pen', 'reviewed', 'signed', 'engineering', 'document', 'cap', 'cap', 'got', 'annoying']"
gaming,If you really love her you will take up smoking.,2025-04-28T19:49:38,"['really', 'love', 'take', 'smoking']"
gaming,At first I thought it was some awful bootleg controller that had melted somehow. üòÇ,2025-04-28T16:00:50,"['first', 'thought', 'awful', 'bootleg', 'controller', 'melted', 'somehow']"
gaming,"""It has my name on it"" ""game on"" ‚òïÔ∏èüëÄ",2025-04-28T16:36:04,"['name', 'game']"
gaming,I mean‚Ä¶,2025-04-28T15:48:21,['mean‚Ä¶']
gaming,"""An ashtray? I haven't even smoked A cigarette, let alone many cigarettes that would necessitate an entire ashtray. What am I gonna do with an ashtray?""",2025-04-28T17:03:57,"['ashtray', 'havent', 'even', 'smoked', 'cigarette', 'let', 'alone', 'many', 'cigarette', 'would', 'necessitate', 'entire', 'ashtray', 'gonna', 'ashtray']"
gaming,She hates you.,2025-04-28T17:13:24,['hate']
gaming,Candy bowl/snack bowl!,2025-04-28T15:50:17,"['candy', 'bowlsnack', 'bowl']"
gaming,Reddit mobile‚Äôs UI really made this post something else üòÇ https://imgur.com/a/pf5XNz7,2025-04-28T15:56:25,"['reddit', 'mobile‚Äôs', 'ui', 'really', 'made', 'post', 'something', 'else']"
gaming,Finally a decent place for my bubblegum cigarettes,2025-04-28T15:59:13,"['finally', 'decent', 'place', 'bubblegum', 'cigarette']"
gaming,Candy. The answer is always candy. Do you know how many nerds you could fit in that thing?,2025-04-28T16:45:09,"['candy', 'answer', 'always', 'candy', 'know', 'many', 'nerd', 'could', 'fit', 'thing']"
gaming,It was intended as an ashtray. It shall become a knicknack bowl,2025-04-28T16:47:12,"['intended', 'ashtray', 'shall', 'become', 'knicknack', 'bowl']"
gaming,Looks like it might hold a serving of M&Ms!!!,2025-04-28T16:55:23,"['look', 'like', 'might', 'hold', 'serving', 'mm']"
gaming,"Put it next to your front door, or on a night stand and put your keys in it when you get home",2025-04-28T17:31:13,"['put', 'next', 'front', 'door', 'night', 'stand', 'put', 'key', 'get', 'home']"
gaming,"A gun rack... a gun rack. I don't even own *a* gun, let alone many guns that would necessitate an entire rack. What am I gonna do with a gun rack?",2025-04-28T17:32:51,"['gun', 'rack', 'gun', 'rack', 'dont', 'even', 'gun', 'let', 'alone', 'many', 'gun', 'would', 'necessitate', 'entire', 'rack', 'gonna', 'gun', 'rack']"
gaming,"Why does this sub not allow gifs or pictures in the comments? I don‚Äôt get why any sub does this tbh, but it makes even less sense for a gaming sub.",2025-04-28T17:36:38,"['sub', 'allow', 'gifs', 'picture', 'comment', 'don‚Äôt', 'get', 'sub', 'tbh', 'make', 'even', 'less', 'sense', 'gaming', 'sub']"
gaming,A gun rack? Really? I don‚Äôt even own one gun let alone enough for a gunrack!!,2025-04-28T19:50:39,"['gun', 'rack', 'really', 'don‚Äôt', 'even', 'one', 'gun', 'let', 'alone', 'enough', 'gunrack']"
gaming,Big ‚Äúwhat am I gonna do.. with a gun rack?‚Äù vibes lol,2025-04-28T15:31:23,"['big', '‚Äúwhat', 'gonna', 'gun', 'rack‚Äù', 'vibe', 'lol']"
gaming,"Hmm. Not gonna lie, it‚Äôs an ugly gift. And I suppose she didn‚Äôt know it was an ashtray, yet regardless it‚Äôs such an eyesore. Out of all of the nice and inexpensive gaming related items in existence. Enjoy ü§≠",2025-04-28T15:32:26,"['hmm', 'gonna', 'lie', 'it‚Äôs', 'ugly', 'gift', 'suppose', 'didn‚Äôt', 'know', 'ashtray', 'yet', 'regardless', 'it‚Äôs', 'eyesore', 'nice', 'inexpensive', 'gaming', 'related', 'item', 'existence', 'enjoy']"
gaming,"Bro‚Ä¶ if this was genders reversed, everyone would be shitting on the dude for an incompetent, terrible looking, thoughtless gift. I would not excuse this as ‚Äúshe tried‚Äù. She didn‚Äôt.",2025-04-28T17:15:59,"['bro‚Ä¶', 'gender', 'reversed', 'everyone', 'would', 'shitting', 'dude', 'incompetent', 'terrible', 'looking', 'thoughtless', 'gift', 'would', 'excuse', '‚Äúshe', 'tried‚Äù', 'didn‚Äôt']"
gaming,"Gun rack ahh gift

https://youtu.be/JGyJOX5wFFg?si=x3zm8bkYI9hxJ0ut",2025-04-28T15:38:42,"['gun', 'rack', 'ahh', 'gift']"
gaming,Time to start smoking joints,2025-04-28T15:23:28,"['time', 'start', 'smoking', 'joint']"
gaming,"Wonder if you could flip your controller over and set it inside? But yes, keys, wallet and change go there for sure! Or if you want to be sappy write on little bits of paper things they do that you appreciate and fold them up and put them in there. They‚Äôll get curious about the little folded papers and pick one up to read it and find it sweet and you‚Äôre guaranteed prime booty that night. Or use it for the opposite, idc.",2025-04-28T15:51:21,"['wonder', 'could', 'flip', 'controller', 'set', 'inside', 'yes', 'key', 'wallet', 'change', 'go', 'sure', 'want', 'sappy', 'write', 'little', 'bit', 'paper', 'thing', 'appreciate', 'fold', 'put', 'they‚Äôll', 'get', 'curious', 'little', 'folded', 'paper', 'pick', 'one', 'read', 'find', 'sweet', 'you‚Äôre', 'guaranteed', 'prime', 'booty', 'night', 'use', 'opposite', 'idc']"
gaming,Put your keys there,2025-04-28T16:14:10,"['put', 'key']"
gaming,Small snack tray???,2025-04-28T16:23:35,"['small', 'snack', 'tray']"
gaming, Could use it as a candy dish.,2025-04-28T16:35:55,"['could', 'use', 'candy', 'dish']"
gaming,It‚Äôs the thought that counts.,2025-04-28T16:39:33,"['it‚Äôs', 'thought', 'count']"
gaming,"Reminds me of ""A gun rack... a gun rack. I don't even own *a* gun, let alone many guns that would necessitate an entire rack. What am I gonna do with a gun rack?""",2025-04-28T16:41:52,"['reminds', 'gun', 'rack', 'gun', 'rack', 'dont', 'even', 'gun', 'let', 'alone', 'many', 'gun', 'would', 'necessitate', 'entire', 'rack', 'gonna', 'gun', 'rack']"
gaming,use it for small snacks like nuts or candies,2025-04-28T16:42:39,"['use', 'small', 'snack', 'like', 'nut', 'candy']"
gaming,"It's sad because whenever a game or system announces some cool multiplayer feature, it's like, yeah wow if I had friends who played video games anymore that would be great.",2025-04-29T04:47:31,"['sad', 'whenever', 'game', 'system', 'announces', 'cool', 'multiplayer', 'feature', 'like', 'yeah', 'wow', 'friend', 'played', 'video', 'game', 'anymore', 'would', 'great']"
gaming,"I used to be an adventurer like you, then all my friends left me",2025-04-29T04:47:34,"['used', 'adventurer', 'like', 'friend', 'left']"
gaming,It's more depressing when I boot up my old 360 and see what used to be.¬†,2025-04-29T04:47:33,"['depressing', 'boot', 'old', '360', 'see', 'used']"
gaming,Looking at Steam friends list of buddies I used to game with on the daily‚Ä¶ ‚Äúlast online 7 years ago‚Äù ü•≤,2025-04-29T04:48:33,"['looking', 'steam', 'friend', 'list', 'buddy', 'used', 'game', 'daily‚Ä¶', '‚Äúlast', 'online', '7', 'year', 'ago‚Äù']"
gaming,"People send me requests, I accept them, and then I literally never see them ever again.


This last month is the first time in over a decade I've played a game with anybody but my brother. I joined a clan in Division 2 and we play through endgame stuff together. I only speak if I absolutely have to lol.",2025-04-29T04:51:56,"['people', 'send', 'request', 'accept', 'literally', 'never', 'see', 'ever', 'last', 'month', 'first', 'time', 'decade', 'ive', 'played', 'game', 'anybody', 'brother', 'joined', 'clan', 'division', '2', 'play', 'endgame', 'stuff', 'together', 'speak', 'absolutely', 'lol']"
gaming,"Bro those early days of the 360 when we'd have like 10-15 people online on the regular, truly was a time and place.",2025-04-29T05:03:35,"['bro', 'early', 'day', '360', 'wed', 'like', '1015', 'people', 'online', 'regular', 'truly', 'time', 'place']"
gaming,"But you can play whenever you want as long as you want! (As long as it's not work hours, and you paid your bills, and your rent, and you aren't too tired, and you don't have errands to run....)",2025-04-29T04:50:45,"['play', 'whenever', 'want', 'long', 'want', 'long', 'work', 'hour', 'paid', 'bill', 'rent', 'arent', 'tired', 'dont', 'errand', 'run']"
gaming,"my steam account is older than half the people in the games I play I noticed.  not sure how I feel about that

millennials are going to be this weird first generation of gamers.  sure there are gen-x gamers, but millennials are massively more into gaming since we're the ones straddling the dot com explosion and massive technological advances in consumer electronics that moved gaming forward so much.  I just imagine nursing homes advertising the speed and cost of their internet connection and gaming rig accommodations.  not sure if I find this thought funny or depressing, but it's possible lol",2025-04-29T05:03:01,"['steam', 'account', 'older', 'half', 'people', 'game', 'play', 'noticed', 'sure', 'feel', 'millennials', 'going', 'weird', 'first', 'generation', 'gamers', 'sure', 'genx', 'gamers', 'millennials', 'massively', 'gaming', 'since', 'one', 'straddling', 'dot', 'com', 'explosion', 'massive', 'technological', 'advance', 'consumer', 'electronics', 'moved', 'gaming', 'forward', 'much', 'imagine', 'nursing', 'home', 'advertising', 'speed', 'cost', 'internet', 'connection', 'gaming', 'rig', 'accommodation', 'sure', 'find', 'thought', 'funny', 'depressing', 'possible', 'lol']"
gaming,"42 this year and rocking 3 friends - my wife, my daughter and my sister-in-law üòÇ

[It's fine](https://media1.tenor.com/m/4r_KCzKSNOcAAAAd/laugh-cry.gif)",2025-04-29T04:54:53,"['42', 'year', 'rocking', '3', 'friend', 'wife', 'daughter', 'sisterinlaw', 'fine']"
gaming,"""0 friends online"", it's hurt",2025-04-29T04:48:57,"['0', 'friend', 'online', 'hurt']"
gaming,Me as a child and an adult unfortunately,2025-04-29T05:06:33,"['child', 'adult', 'unfortunately']"
gaming,"That's the whole of my life, chief.",2025-04-29T05:07:16,"['thats', 'whole', 'life', 'chief']"
gaming,Adult men* I‚Äôm literally playing on my gfs Xbox right now and she has like 13 requests and only plays like once a month. Lmao,2025-04-29T04:44:18,"['adult', 'men', 'i‚Äôm', 'literally', 'playing', 'gfs', 'xbox', 'right', 'like', '13', 'request', 'play', 'like', 'month', 'lmao']"
gaming,"lol. I am permanently set to ""Appear Offline""",2025-04-29T05:14:18,"['lol', 'permanently', 'set', 'appear', 'offline']"
gaming,"Once you get further into it, adulthood is not wanting any friends requests. It‚Äôs like no thanks",2025-04-29T04:50:23,"['get', 'adulthood', 'wanting', 'friend', 'request', 'it‚Äôs', 'like', 'thanks']"
gaming,"Even though I like my solitude, it would be nice to have someone want to play games with me sometimes",2025-04-29T05:07:59,"['even', 'though', 'like', 'solitude', 'would', 'nice', 'someone', 'want', 'play', 'game', 'sometimes']"
gaming,"I‚Äôm I the only person who keeps a small friend list? 

Like if I don‚Äôt know you personally, and if I don‚Äôt play with you for over a year you are getting purged from my friends list.",2025-04-29T05:00:17,"['i‚Äôm', 'person', 'keep', 'small', 'friend', 'list', 'like', 'don‚Äôt', 'know', 'personally', 'don‚Äôt', 'play', 'year', 'getting', 'purged', 'friend', 'list']"
gaming,"What are we playing? I'm on Xbox myself, and I've been rotating Oblivion Remastered, Remnant II, and Aliens: Fireteam Elite.

If ya need a gaming buddy, or a voice chat pal, leave a message with your gamertag or whatever.",2025-04-29T05:00:43,"['playing', 'im', 'xbox', 'ive', 'rotating', 'oblivion', 'remastered', 'remnant', 'ii', 'alien', 'fireteam', 'elite', 'ya', 'need', 'gaming', 'buddy', 'voice', 'chat', 'pal', 'leave', 'message', 'gamertag', 'whatever']"
gaming,Friends Code? I will friend you up,2025-04-29T05:04:37,"['friend', 'code', 'friend']"
gaming,"That is Xbox, what you were waiting for?",2025-04-29T04:59:21,"['xbox', 'waiting']"
gaming,"Thats not adulthood, thats just lonely",2025-04-29T04:53:22,"['thats', 'adulthood', 'thats', 'lonely']"
gaming,Preach,2025-04-29T04:46:01,['preach']
gaming,I feel you man,2025-04-29T04:59:43,"['feel', 'man']"
gaming,Same :(,2025-04-29T05:06:53,[]
gaming,Yeah my last homie switched to PC and won't play game pass games with me anymore. He only plays with his fancy PC friends,2025-04-29T05:08:31,"['yeah', 'last', 'homie', 'switched', 'pc', 'wont', 'play', 'game', 'pas', 'game', 'anymore', 'play', 'fancy', 'pc', 'friend']"
gaming,"Hahaha, yeah...

I'm so lonely...",2025-04-29T05:16:39,"['hahaha', 'yeah', 'im', 'lonely']"
gaming,"My apparent choice in friends as an adult;  

Category one: overworked, tired, semi-depressed parents who haven‚Äôt done anything fun since they met their spouse in 2012 and prioritized turning into everything you always said you‚Äôd never become in your early 20s. Their wife of several years becomes violently angry at the mere thought of video games existing and it‚Äôs always someone‚Äôs birthday the next day so they can‚Äôt stay up ""late."" 
You meet once a year and they always leave early and it deflates the fun of meeting at all.

Category two: Jobless, unambitious stoners on welfare who never progressed past 17 mentally, still think Bam Margera is the absolute pinnacle of entertainers, and the only game they play online is some obscure japanese card game, or they just have 12 000+ hours in one single game that you just don‚Äôt see the appeal in playing anymore at all.  

Category three: Someone who is actually fun, interesting and compatible in personality and taste. They don‚Äôt really use social media, they forget answering texts, they have so many other friends and projects that actually getting a hold of them is impossible otherwise. Hanging out with them is the best time you could ever have and you get along better than with anyone else, but whenever you‚Äôre not actually together in the same room you always feel like the least prioritized person in their lives.",2025-04-29T08:31:59,"['apparent', 'choice', 'friend', 'adult', 'category', 'one', 'overworked', 'tired', 'semidepressed', 'parent', 'haven‚Äôt', 'done', 'anything', 'fun', 'since', 'met', 'spouse', '2012', 'prioritized', 'turning', 'everything', 'always', 'said', 'you‚Äôd', 'never', 'become', 'early', '20', 'wife', 'several', 'year', 'becomes', 'violently', 'angry', 'mere', 'thought', 'video', 'game', 'existing', 'it‚Äôs', 'always', 'someone‚Äôs', 'birthday', 'next', 'day', 'can‚Äôt', 'stay', 'late', 'meet', 'year', 'always', 'leave', 'early', 'deflates', 'fun', 'meeting', 'category', 'two', 'jobless', 'unambitious', 'stoner', 'welfare', 'never', 'progressed', 'past', '17', 'mentally', 'still', 'think', 'bam', 'margera', 'absolute', 'pinnacle', 'entertainer', 'game', 'play', 'online', 'obscure', 'japanese', 'card', 'game', '12', '000', 'hour', 'one', 'single', 'game', 'don‚Äôt', 'see', 'appeal', 'playing', 'anymore', 'category', 'three', 'someone', 'actually', 'fun', 'interesting', 'compatible', 'personality', 'taste', 'don‚Äôt', 'really', 'use', 'social', 'medium', 'forget', 'answering', 'text', 'many', 'friend', 'project', 'actually', 'getting', 'hold', 'impossible', 'otherwise', 'hanging', 'best', 'time', 'could', 'ever', 'get', 'along', 'better', 'anyone', 'else', 'whenever', 'you‚Äôre', 'actually', 'together', 'room', 'always', 'feel', 'like', 'least', 'prioritized', 'person', 'life']"
gaming,"I love how we have many ways of finding people socially, but then you see a thread like this. 

Literally dozens and dozens of you all commenting I got no one to play with, someone commenting ""same here""! and then yall just move on. 

HERE IN THIS THREAD ARE ALL YOUR NEW GAMING FRIENDS PEOPLE! 

MAKE A DISCORD CALL IT LONELY OLD GAMER FARTS AND INVITE PEOPLE. 

Im 31 and I have more friends than I did younger, They are all over the place, we game and hang all the time. We actually plan entire meet up trips and such. 

Yes, we are all busy and have full schedules, but just being able to chat in a group channel is enough to keep the feelings high.",2025-04-29T11:51:08,"['love', 'many', 'way', 'finding', 'people', 'socially', 'see', 'thread', 'like', 'literally', 'dozen', 'dozen', 'commenting', 'got', 'one', 'play', 'someone', 'commenting', 'yall', 'move', 'thread', 'new', 'gaming', 'friend', 'people', 'make', 'discord', 'call', 'lonely', 'old', 'gamer', 'fart', 'invite', 'people', 'im', '31', 'friend', 'younger', 'place', 'game', 'hang', 'time', 'actually', 'plan', 'entire', 'meet', 'trip', 'yes', 'busy', 'full', 'schedule', 'able', 'chat', 'group', 'channel', 'enough', 'keep', 'feeling', 'high']"
gaming,It's also a lot harder to add people in most games now,2025-04-29T04:48:05,"['also', 'lot', 'harder', 'add', 'people', 'game']"
gaming,same but it's actually the best,2025-04-29T04:57:32,"['actually', 'best']"
gaming,[deleted],2025-04-29T05:00:59,['deleted']
gaming,me when i look at my hundreds of steam friends i met in cs and tf2 and not remembering who 90% of them are anymore :'(,2025-04-29T05:09:03,"['look', 'hundred', 'steam', 'friend', 'met', 'c', 'tf2', 'remembering', '90', 'anymore']"
gaming,Damn! That hit hard! I feel your pain!,2025-04-29T05:11:27,"['damn', 'hit', 'hard', 'feel', 'pain']"
gaming,"I have 1 friend in Steam. Forever young, I want to be forever young!..",2025-04-29T05:12:38,"['1', 'friend', 'steam', 'forever', 'young', 'want', 'forever', 'young']"
gaming,Adulthood is boring! I'm blessed with 2 of my childhood friends that still play games with till this day.,2025-04-29T05:22:47,"['adulthood', 'boring', 'im', 'blessed', '2', 'childhood', 'friend', 'still', 'play', 'game', 'till', 'day']"
gaming,"I miss the Xbox 360 days so bad. So many long nights in absolutely stacked parties playing Halo 3, MW2, Left 4 Dead, BF3, etc. Hell, even if none of us were playing a multiplayer game we‚Äôd all still party up and chat about what we were playing. Midnight release of Skyrim was wild. Party completely full with all of us talking about different things we were discovering in the game. These days I still have some of the same people on my friends list but the issue is that no one ever wants to play the same thing. The one buddy that I used to play games with the most has become so damn stubborn on trying new games. If it‚Äôs not a well known AAA game franchise he probably wont touch it. The funny thing is when he finally does play a new game that I tried to convince him to play with me he ends up loving it and says it‚Äôs amazing. But by that time I‚Äôve already played the game to death so he ends up playing it with other people. It‚Äôs so damn frustrating and depressing.",2025-04-29T17:28:26,"['miss', 'xbox', '360', 'day', 'bad', 'many', 'long', 'night', 'absolutely', 'stacked', 'party', 'playing', 'halo', '3', 'mw2', 'left', '4', 'dead', 'bf3', 'etc', 'hell', 'even', 'none', 'u', 'playing', 'multiplayer', 'game', 'we‚Äôd', 'still', 'party', 'chat', 'playing', 'midnight', 'release', 'skyrim', 'wild', 'party', 'completely', 'full', 'u', 'talking', 'different', 'thing', 'discovering', 'game', 'day', 'still', 'people', 'friend', 'list', 'issue', 'one', 'ever', 'want', 'play', 'thing', 'one', 'buddy', 'used', 'play', 'game', 'become', 'damn', 'stubborn', 'trying', 'new', 'game', 'it‚Äôs', 'well', 'known', 'aaa', 'game', 'franchise', 'probably', 'wont', 'touch', 'funny', 'thing', 'finally', 'play', 'new', 'game', 'tried', 'convince', 'play', 'end', 'loving', 'say', 'it‚Äôs', 'amazing', 'time', 'i‚Äôve', 'already', 'played', 'game', 'death', 'end', 'playing', 'people', 'it‚Äôs', 'damn', 'frustrating', 'depressing']"
gaming,And here I've been deleting my list just outta fear one of these people may actually message me.,2025-04-29T04:56:48,"['ive', 'deleting', 'list', 'outta', 'fear', 'one', 'people', 'may', 'actually', 'message']"
gaming,Me and about 5-10 is friends still use discord in our 30s to chat a few nights a week. Its one thing we all say we'll never give up,2025-04-29T05:19:21,"['510', 'friend', 'still', 'use', 'discord', '30', 'chat', 'night', 'week', 'one', 'thing', 'say', 'well', 'never', 'give']"
gaming,People send me friend request frequently but I don‚Äôt accept them lol,2025-04-29T04:58:43,"['people', 'send', 'friend', 'request', 'frequently', 'don‚Äôt', 'accept', 'lol']"
gaming,That's just one of the reasons why I never played lethal company and helldivers 2 on days when its hype was on peak,2025-04-29T05:00:32,"['thats', 'one', 'reason', 'never', 'played', 'lethal', 'company', 'helldivers', '2', 'day', 'hype', 'peak']"
gaming,Seems like a good time. I enjoy playing games  alone. The only thing I don‚Äôt play alone is Minecraft.,2025-04-29T05:02:29,"['seems', 'like', 'good', 'time', 'enjoy', 'playing', 'game', 'alone', 'thing', 'don‚Äôt', 'play', 'alone', 'minecraft']"
gaming,My console friendlist is never the same as the discord friend list for me.,2025-04-29T05:04:03,"['console', 'friendlist', 'never', 'discord', 'friend', 'list']"
gaming,"Have Steam and An Inventory,  Daily random requests, even as I don't play online .",2025-04-29T05:05:29,"['steam', 'inventory', 'daily', 'random', 'request', 'even', 'dont', 'play', 'online']"
gaming,I have a childhood friend who games a lot but he never bothered to get into some of the multi-player games I play so we never game together.  I would try some of his but he only plays single player.,2025-04-29T05:06:00,"['childhood', 'friend', 'game', 'lot', 'never', 'bothered', 'get', 'multiplayer', 'game', 'play', 'never', 'game', 'together', 'would', 'try', 'play', 'single', 'player']"
gaming,"I swear i saw them on a few months ago ""Last online 3 years ago."" Oh..",2025-04-29T05:16:00,"['swear', 'saw', 'month', 'ago', 'last', 'online', '3', 'year', 'ago', 'oh']"
gaming,More like Xbox. I have PlayStation and Xbox and I always have more friends online on PS. Xbox has been ravaged by a decade of no killer exclusives and flop consoles,2025-04-29T05:17:55,"['like', 'xbox', 'playstation', 'xbox', 'always', 'friend', 'online', 'p', 'xbox', 'ravaged', 'decade', 'killer', 'exclusive', 'flop', 'console']"
gaming,"My friends list looks the same, but then I realize all I play (and enjoy) are single player games‚Ä¶",2025-04-29T05:22:14,"['friend', 'list', 'look', 'realize', 'play', 'enjoy', 'single', 'player', 'games‚Ä¶']"
gaming,I'm on xbox happy to add you and join in on games,2025-04-29T05:22:19,"['im', 'xbox', 'happy', 'add', 'join', 'game']"
gaming,"Nothing kills gaming friendships harder than the 4 hit combo of "" I don't find this game fun anymore."" + "" I've met a girl/ guy recently"" + "" I'm studying for x now, gonna be busy"" and ""my partner and I are expecting a baby!""

Especially the last one really gonna leave some accounts on ""last seen online 3 years ago"" üò©

Always sucks when you see that happen.",2025-04-29T05:31:23,"['nothing', 'kill', 'gaming', 'friendship', 'harder', '4', 'hit', 'combo', 'dont', 'find', 'game', 'fun', 'anymore', 'ive', 'met', 'girl', 'guy', 'recently', 'im', 'studying', 'x', 'gonna', 'busy', 'partner', 'expecting', 'baby', 'especially', 'last', 'one', 'really', 'gonna', 'leave', 'account', 'last', 'seen', 'online', '3', 'year', 'ago', 'always', 'suck', 'see', 'happen']"
gaming,"And the friends you do have look like this:

coolfrendo69: Last on line 1349 days ago",2025-04-29T05:41:06,"['friend', 'look', 'like', 'coolfrendo69', 'last', 'line', '1349', 'day', 'ago']"
gaming,"With vampirism too. I wish vampirism didn‚Äôt make your character look like someone who has a flu, but it‚Äôs already a huge improvement over what vampirism looked like in the original.",2025-04-26T04:00:15,"['vampirism', 'wish', 'vampirism', 'didn‚Äôt', 'make', 'character', 'look', 'like', 'someone', 'flu', 'it‚Äôs', 'already', 'huge', 'improvement', 'vampirism', 'looked', 'like', 'original']"
gaming,That's how I look normally,2025-04-26T03:51:46,"['thats', 'look', 'normally']"
gaming,I'm pretty sure this is a thing in the original oblivion as well.,2025-04-26T04:19:33,"['im', 'pretty', 'sure', 'thing', 'original', 'oblivion', 'well']"
gaming,"I'll never know. Argonians ftw lol

Edit: and I get my first award from this, thank you!",2025-04-26T03:49:39,"['ill', 'never', 'know', 'argonians', 'ftw', 'lol', 'edit', 'get', 'first', 'award', 'thank']"
gaming,You look rather pale. It could be ataxia.,2025-04-26T03:55:15,"['look', 'rather', 'pale', 'could', 'ataxia']"
gaming,"Yeah, I made a deep blue dark elf, and when he became a vampire, he turned a very pale blue. Pretty neat. Of course, I spent a couple hours immediately afterward going through the vampire cure quest because I forgot to use a cure disease potion, and my infamy was too high to pray at a shrine.",2025-04-26T04:06:52,"['yeah', 'made', 'deep', 'blue', 'dark', 'elf', 'became', 'vampire', 'turned', 'pale', 'blue', 'pretty', 'neat', 'course', 'spent', 'couple', 'hour', 'immediately', 'afterward', 'going', 'vampire', 'cure', 'quest', 'forgot', 'use', 'cure', 'disease', 'potion', 'infamy', 'high', 'pray', 'shrine']"
gaming,If I recall the original did that as well.,2025-04-26T04:28:45,"['recall', 'original', 'well']"
gaming,"When Kahjiit get sick, Kahjiit just drink stale temple water and pray for warm sands, then Kahjiit all better.",2025-04-26T04:34:10,"['kahjiit', 'get', 'sick', 'kahjiit', 'drink', 'stale', 'temple', 'water', 'pray', 'warm', 'sand', 'kahjiit', 'better']"
gaming,"Some faces looks amazing, others look like that bug man in MIB 1, what's the deal with that?",2025-04-26T03:54:44,"['face', 'look', 'amazing', 'others', 'look', 'like', 'bug', 'man', 'mib', '1', 'whats', 'deal']"
gaming,"wasnt added, that existed in the 2006 version",2025-04-26T06:00:01,"['wasnt', 'added', 'existed', '2006', 'version']"
gaming,"That's a really neat detail. I'm curious to see how vampires look now, they looked pretty ugly in og oblivion lol.",2025-04-26T04:27:13,"['thats', 'really', 'neat', 'detail', 'im', 'curious', 'see', 'vampire', 'look', 'looked', 'pretty', 'ugly', 'og', 'oblivion', 'lol']"
gaming,I'd expect someone with disease to look sick,2025-04-26T06:17:58,"['id', 'expect', 'someone', 'disease', 'look', 'sick']"
gaming,Holy shit I'm so excited tp buy this tomorrow,2025-04-26T03:59:56,"['holy', 'shit', 'im', 'excited', 'tp', 'buy', 'tomorrow']"
gaming,so they look sick when they are sick?,2025-04-26T03:48:50,"['look', 'sick', 'sick']"
gaming,">Your character looks sick when diseased in Oblivion

Yes, that's how looking sick works. /j

Jokes aside that's an awesome detail.",2025-04-26T04:10:49,"['character', 'look', 'sick', 'diseased', 'oblivion', 'yes', 'thats', 'looking', 'sick', 'work', 'j', 'joke', 'aside', 'thats', 'awesome', 'detail']"
gaming,"Pro tip: Instead of trying to acquire Cure Disease potions at great expense, just buy an herb with Cure Disease as its ingredient effect for 5gp each and then eat it to recover from your zombie bites etc.",2025-04-27T00:15:11,"['pro', 'tip', 'instead', 'trying', 'acquire', 'cure', 'disease', 'potion', 'great', 'expense', 'buy', 'herb', 'cure', 'disease', 'ingredient', 'effect', '5gp', 'eat', 'recover', 'zombie', 'bite', 'etc']"
gaming,Wasn't this a thing in the original release?,2025-04-26T04:14:58,"['wasnt', 'thing', 'original', 'release']"
gaming,"I noticed this too! Was like, whoa my mans looks worn tf out",2025-04-26T03:55:22,"['noticed', 'like', 'whoa', 'man', 'look', 'worn', 'tf']"
gaming,"I will play this, after I finish Expedition 33.",2025-04-26T05:35:35,"['play', 'finish', 'expedition', '33']"
gaming,Tis but a flesh tone,2025-04-26T06:15:37,"['ti', 'flesh', 'tone']"
gaming,I always stop playing the story right before he gets TB,2025-04-26T08:12:57,"['always', 'stop', 'playing', 'story', 'right', 'get', 'tb']"
gaming,It's the best remaster this week for sure,2025-04-26T10:20:28,"['best', 'remaster', 'week', 'sure']"
gaming,Looks like Prince Caspian from the 2000's Narnia movies.,2025-04-26T14:28:50,"['look', 'like', 'prince', 'caspian', '2000s', 'narnia', 'movie']"
gaming,Truly groundbreaking tech,2025-04-26T04:36:21,"['truly', 'groundbreaking', 'tech']"
gaming,When u playing rdr2 in chapter 6,2025-04-26T04:21:29,"['u', 'playing', 'rdr2', 'chapter', '6']"
gaming,The floor here is made out of floor,2025-04-26T05:56:30,"['floor', 'made', 'floor']"
gaming,I'm guessing you don't have the sliders for this character? He looks so human compared to what I've seen lol,2025-04-26T06:02:15,"['im', 'guessing', 'dont', 'slider', 'character', 'look', 'human', 'compared', 'ive', 'seen', 'lol']"
gaming,"Lmao it took me a second to release you meant literally!. I thought you were saying it like "" bro your character looks sick dawg.",2025-04-26T06:09:36,"['lmao', 'took', 'second', 'release', 'meant', 'literally', 'thought', 'saying', 'like', 'bro', 'character', 'look', 'sick', 'dawg']"
gaming,That‚Äôs sick,2025-04-26T06:16:49,"['that‚Äôs', 'sick']"
gaming,Idk i always look like the right irl,2025-04-26T06:46:18,"['idk', 'always', 'look', 'like', 'right', 'irl']"
gaming,"Todd Howard, you've done it again.",2025-04-26T08:05:16,"['todd', 'howard', 'youve', 'done']"
gaming,">Your character looks sick when diseased

Well yeah, I'd assume so.",2025-04-26T08:12:57,"['character', 'look', 'sick', 'diseased', 'well', 'yeah', 'id', 'assume']"
gaming,Now someone please tell me how to cure a disease because I am getting used to looking sick üòÖ,2025-04-26T08:38:07,"['someone', 'please', 'tell', 'cure', 'disease', 'getting', 'used', 'looking', 'sick']"
gaming,i so pale,2025-04-26T08:39:06,['pale']
gaming,I probably should call my doctor tomorrow,2025-04-26T08:39:28,"['probably', 'call', 'doctor', 'tomorrow']"
gaming,Clear case of Redditiasis.,2025-04-26T08:49:59,"['clear', 'case', 'redditiasis']"
gaming,Wait I'm diseased? Is that why I look so gaunt and red around the eyes/nose now?,2025-04-26T08:54:19,"['wait', 'im', 'diseased', 'look', 'gaunt', 'red', 'around', 'eyesnose']"
gaming,Should have gone full Might and Magic with the face changes,2025-04-26T09:11:06,"['gone', 'full', 'might', 'magic', 'face', 'change']"
gaming,This was in the old game lmao,2025-04-26T10:33:53,"['old', 'game', 'lmao']"
gaming,"Took me a while to read it as sick and not sick, I thought ‚ÄúI mean yea I guess he looks pretty cool‚Äù",2025-04-26T13:49:46,"['took', 'read', 'sick', 'sick', 'thought', '‚Äúi', 'mean', 'yea', 'guess', 'look', 'pretty', 'cool‚Äù']"
gaming,"The focus on details look sick, i have to say.¬†",2025-04-26T14:23:07,"['focus', 'detail', 'look', 'sick', 'say']"
gaming,I have the same complexion as dude on the right everyday,2025-04-26T20:51:57,"['complexion', 'dude', 'right', 'everyday']"
gaming,wait. when you're sick...you look sick??!!? NO WAY!!!,2025-04-26T21:21:30,"['wait', 'youre', 'sickyou', 'look', 'sick', 'way']"
gaming,My eyes were bloodshot red got a disease from rats.,2025-04-26T21:22:49,"['eye', 'bloodshot', 'red', 'got', 'disease', 'rat']"
gaming,You named the game and put a name  disclaimer at the end. You are amazing,2025-04-26T04:08:28,"['named', 'game', 'put', 'name', 'disclaimer', 'end', 'amazing']"
gaming,"Sick is on the right, right?",2025-04-26T03:47:50,"['sick', 'right', 'right']"
gaming,I see the two images are different. But I can‚Äôt tell which is sick and which isn‚Äôt. I see a lighting difference but not much else,2025-04-26T03:54:09,"['see', 'two', 'image', 'different', 'can‚Äôt', 'tell', 'sick', 'isn‚Äôt', 'see', 'lighting', 'difference', 'much', 'else']"
gaming,How do I cure my disease,2025-04-26T03:52:23,"['cure', 'disease']"
gaming,"I figured this out immediately as I walked into the water upon leaving the sewer. A slaughterfish literally hit me one fucking time and immediately gave me Greenspore, it's like I never left.",2025-04-26T04:02:28,"['figured', 'immediately', 'walked', 'water', 'upon', 'leaving', 'sewer', 'slaughterfish', 'literally', 'hit', 'one', 'fucking', 'time', 'immediately', 'gave', 'greenspore', 'like', 'never', 'left']"
gaming,True.,2025-04-26T04:04:52,['true']
gaming,"I would say the game *looks* like a remake, but it still *feels* like OG Oblivion, with sprint.",2025-04-24T15:59:08,"['would', 'say', 'game', 'look', 'like', 'remake', 'still', 'feel', 'like', 'og', 'oblivion', 'sprint']"
gaming,Isn't it the OG Oblivion underneath some UE5 graphics?,2025-04-24T16:13:28,"['isnt', 'og', 'oblivion', 'underneath', 'ue5', 'graphic']"
gaming,"Peopleare confused because of visual flare, but forget that skeleton is same as oblivion with some changes for combat, leveling etc. It did basically ehat demons souls did, take skeleton of ps3 version and put prettier visuals on them",2025-04-24T16:55:47,"['peopleare', 'confused', 'visual', 'flare', 'forget', 'skeleton', 'oblivion', 'change', 'combat', 'leveling', 'etc', 'basically', 'ehat', 'demon', 'soul', 'take', 'skeleton', 'ps3', 'version', 'put', 'prettier', 'visuals']"
gaming,"I don't agree. The mechanical changes are not really substantial enough to be a full remake.

Nothing wrong with a Remaster though. Oblivion was always charmingly janky.",2025-04-24T16:08:13,"['dont', 'agree', 'mechanical', 'change', 'really', 'substantial', 'enough', 'full', 'remake', 'nothing', 'wrong', 'remaster', 'though', 'oblivion', 'always', 'charmingly', 'janky']"
gaming,You get a bloodborne dodge at 25 acrobatics.,2025-04-24T16:14:30,"['get', 'bloodborne', 'dodge', '25', 'acrobatics']"
gaming,This is def a test to see if they want to put the money into a Skyrim remaster.,2025-04-24T16:25:09,"['def', 'test', 'see', 'want', 'put', 'money', 'skyrim', 'remaster']"
gaming,"If I could make the slightest bit of noise, they maybe could have spent a little more time under the hood. The AI is still ass and if reports are right might actually be even rougher since there is more loading going on. It's nothing gamebreaking so far and I am well used to Oblivion NPCs, but I wouldn't mind a patch or two that smooths it out.",2025-04-24T16:09:11,"['could', 'make', 'slightest', 'bit', 'noise', 'maybe', 'could', 'spent', 'little', 'time', 'hood', 'ai', 'still', 'as', 'report', 'right', 'might', 'actually', 'even', 'rougher', 'since', 'loading', 'going', 'nothing', 'gamebreaking', 'far', 'well', 'used', 'oblivion', 'npc', 'wouldnt', 'mind', 'patch', 'two', 'smooth']"
gaming,"It feels like that because the graphics engine is completely new, and so the models and animations all had to be recreated. Not from scratch but they had to be redone. It's basically an almost complete remake while keeping the old engine.",2025-04-24T15:57:26,"['feel', 'like', 'graphic', 'engine', 'completely', 'new', 'model', 'animation', 'recreated', 'scratch', 'redone', 'basically', 'almost', 'complete', 'remake', 'keeping', 'old', 'engine']"
gaming,[deleted],2025-04-24T18:32:41,['deleted']
gaming,should post that in the thread where they are saying the colour pallet is lifeless,2025-04-24T16:12:24,"['post', 'thread', 'saying', 'colour', 'pallet', 'lifeless']"
gaming,"I haven't played it yet, but from what I gather it kind of blurs the lines a bit.",2025-04-24T16:02:59,"['havent', 'played', 'yet', 'gather', 'kind', 'blur', 'line', 'bit']"
gaming,"One of our italian community defined it ""Remastered+"", which is much more than a Remasered (like TLOU2) but a bit less than a Remake (like RE2)",2025-04-24T16:25:49,"['one', 'italian', 'community', 'defined', 'remastered', 'much', 'remasered', 'like', 'tlou2', 'bit', 'less', 'remake', 'like', 're2']"
gaming,"FF7 Remake (2020) is a ‚Äúremake‚Äù.

Dead Space (2023) is a ‚Äúremake‚Äù.

Persona 3 Reload (2024) is a ‚Äúremake‚Äù.

Those games were completely ‚Äúremade‚Äù from the ground up.

Oblivion Remastered is not ‚Äúremade‚Äù from the ground up. It took the original game that ran on the Gamebryo engine, made some great quality of life tweaks, and used Unreal Engine 5 for the graphics. It did not remake the game.

Remaster and Remake is not synonymous, it colossally undermines the effort it takes to make an entirely new game.",2025-04-24T16:21:46,"['ff7', 'remake', '2020', '‚Äúremake‚Äù', 'dead', 'space', '2023', '‚Äúremake‚Äù', 'persona', '3', 'reload', '2024', '‚Äúremake‚Äù', 'game', 'completely', '‚Äúremade‚Äù', 'ground', 'oblivion', 'remastered', '‚Äúremade‚Äù', 'ground', 'took', 'original', 'game', 'ran', 'gamebryo', 'engine', 'made', 'great', 'quality', 'life', 'tweak', 'used', 'unreal', 'engine', '5', 'graphic', 'remake', 'game', 'remaster', 'remake', 'synonymous', 'colossally', 'undermines', 'effort', 'take', 'make', 'entirely', 'new', 'game']"
gaming,It‚Äôs pretty much gold standard for what a remaster should be. I remember getting hyper for the Kingdoms of Amular remaster and it was just the same game but ported over,2025-04-24T23:00:45,"['it‚Äôs', 'pretty', 'much', 'gold', 'standard', 'remaster', 'remember', 'getting', 'hyper', 'kingdom', 'amular', 'remaster', 'game', 'ported']"
gaming,It feels exactly like old oblivion bro.,2025-04-24T17:13:11,"['feel', 'exactly', 'like', 'old', 'oblivion', 'bro']"
gaming,"Well, Bethesda themselves call it a remaster. 

Do we really need to have such a semantic argument?

A remake is, from the ground up, a complete do over of the game. 

A remaster updates visually quality and stability, and nothing more. 

All we got as a true *addition* is sprinting. 

It's a god damn remaster, everyone.",2025-04-24T19:56:05,"['well', 'bethesda', 'call', 'remaster', 'really', 'need', 'semantic', 'argument', 'remake', 'ground', 'complete', 'game', 'remaster', 'update', 'visually', 'quality', 'stability', 'nothing', 'got', 'true', 'addition', 'sprinting', 'god', 'damn', 'remaster', 'everyone']"
gaming,If demon souls on ps5 can be considered a remake then this game is also a remake to me,2025-04-24T23:53:06,"['demon', 'soul', 'ps5', 'considered', 'remake', 'game', 'also', 'remake']"
gaming,"Yeah it‚Äôs a little bit of both, it‚Äôs a remaster in the truest possible sense really, it‚Äôs Oblivion 2006, but looking like it was made in 2025, but it takes a few artistic liberties, like a remake would, I‚Äôm loving it!

Skyblivion is exciting because that is a straight up remake, everything is reimagined, concept art is used, artistic librarties across the board, dungeons revamped to be more interesting, cities revamped to feel more like cities, unique models for unique items, redesigned armor and weapons etc etc, it‚Äôs all very cool stuff

Then we‚Äôve got Tamriel Rebuilt (24 years or so in the making) coming out soon for Morrowind fans

TES fans are *eating*",2025-04-25T05:16:20,"['yeah', 'it‚Äôs', 'little', 'bit', 'it‚Äôs', 'remaster', 'truest', 'possible', 'sense', 'really', 'it‚Äôs', 'oblivion', '2006', 'looking', 'like', 'made', '2025', 'take', 'artistic', 'liberty', 'like', 'remake', 'would', 'i‚Äôm', 'loving', 'skyblivion', 'exciting', 'straight', 'remake', 'everything', 'reimagined', 'concept', 'art', 'used', 'artistic', 'librarties', 'across', 'board', 'dungeon', 'revamped', 'interesting', 'city', 'revamped', 'feel', 'like', 'city', 'unique', 'model', 'unique', 'item', 'redesigned', 'armor', 'weapon', 'etc', 'etc', 'it‚Äôs', 'cool', 'stuff', 'we‚Äôve', 'got', 'tamriel', 'rebuilt', '24', 'year', 'making', 'coming', 'soon', 'morrowind', 'fan', 'te', 'fan', 'eating']"
gaming,"I agree... then you see the npcs and it's back to the past, and I wouldn't want it any other way.",2025-04-25T06:47:22,"['agree', 'see', 'npc', 'back', 'past', 'wouldnt', 'want', 'way']"
gaming,Because the visuals are done on unreal 5 while the original engine is being used for the gameplay.,2025-04-25T00:09:49,"['visuals', 'done', 'unreal', '5', 'original', 'engine', 'used', 'gameplay']"
gaming,No it doesn‚Äôt lol. It‚Äôs a remaster with unreal 5 slapped onto it.,2025-04-24T16:16:00,"['doesn‚Äôt', 'lol', 'it‚Äôs', 'remaster', 'unreal', '5', 'slapped', 'onto']"
gaming,"It‚Äôs confusing, both Shadow of the Colossus and Demon‚Äôs Souls were called Remakes and it was the exact same. Oblivion even changes certain elements.",2025-04-24T19:02:48,"['it‚Äôs', 'confusing', 'shadow', 'colossus', 'demon‚Äôs', 'soul', 'called', 'remake', 'exact', 'oblivion', 'even', 'change', 'certain', 'element']"
gaming,"I mean...it feels like Oblivion. But yeah, it looks great.",2025-04-24T22:33:15,"['meanit', 'feel', 'like', 'oblivion', 'yeah', 'look', 'great']"
gaming,I mean they said they recreated every object from scratch. Wouldnt that make it a remake if a remaster is just upscaled graphics?,2025-04-25T08:42:35,"['mean', 'said', 'recreated', 'every', 'object', 'scratch', 'wouldnt', 'make', 'remake', 'remaster', 'upscaled', 'graphic']"
gaming,It's a great marketing decision to name it 'Remastered'. Anyone who takes a single look at it would know it's a lot more than a simple remaster and anyone who wants to complain about some inconsequential flaws can't as it's 'just a remaster'.,2025-04-25T09:19:57,"['great', 'marketing', 'decision', 'name', 'remastered', 'anyone', 'take', 'single', 'look', 'would', 'know', 'lot', 'simple', 'remaster', 'anyone', 'want', 'complain', 'inconsequential', 'flaw', 'cant', 'remaster']"
gaming,Except it does the tick all the boxes of a remaster not a remake. So it's a remaster.,2025-04-25T11:16:58,"['except', 'tick', 'box', 'remaster', 'remake', 'remaster']"
gaming,"I'm enjoying it, but it did take me out not seeing the second moon in the sky, which is what makes Tedas feel more alien to earth.",2025-04-25T11:35:03,"['im', 'enjoying', 'take', 'seeing', 'second', 'moon', 'sky', 'make', 'tedas', 'feel', 'alien', 'earth']"
gaming,Ironic that Oblivion has a better starfield than the game named as such.,2025-04-25T12:14:57,"['ironic', 'oblivion', 'better', 'starfield', 'game', 'named']"
gaming,"It's akin to Diablo 2 Resurrected in my mind, it's still the same underlying game with a few QoL improvements.

Personally... would be lying if I said I didn't want ""more"" from it, but I think they did an overall excellent job; it's extremely faithful to the original game; some key glitches patched (for better or for worse) and the leveling improvements are very nice.

I would have liked to see some more work put into housing, luck re-worked a bit, and addressing uniques to be like level-scaled vs leveled on pickup / acquisition (or some item added to re-level the item) so players don't feel forced to wait to acquire said items until they are at X level.

I think also because they touched the birthsigns and tweaked attributes that some stones should have also been added for console players so that players can adjust their birthsign perhaps at the cost of X sigil stones or something; re-creating a character can be a pretty feelsbad moment and console players have no real solution to fix this otherwise.

Quite a few visual bugs as well, performance issues during dusk and dawn as the lighting system I presume gets a lot of updates as well.

Overall though, it's well done.",2025-04-25T13:31:34,"['akin', 'diablo', '2', 'resurrected', 'mind', 'still', 'underlying', 'game', 'qol', 'improvement', 'personally', 'would', 'lying', 'said', 'didnt', 'want', 'think', 'overall', 'excellent', 'job', 'extremely', 'faithful', 'original', 'game', 'key', 'glitch', 'patched', 'better', 'worse', 'leveling', 'improvement', 'nice', 'would', 'liked', 'see', 'work', 'put', 'housing', 'luck', 'reworked', 'bit', 'addressing', 'uniques', 'like', 'levelscaled', 'v', 'leveled', 'pickup', 'acquisition', 'item', 'added', 'relevel', 'item', 'player', 'dont', 'feel', 'forced', 'wait', 'acquire', 'said', 'item', 'x', 'level', 'think', 'also', 'touched', 'birthsigns', 'tweaked', 'attribute', 'stone', 'also', 'added', 'console', 'player', 'player', 'adjust', 'birthsign', 'perhaps', 'cost', 'x', 'sigil', 'stone', 'something', 'recreating', 'character', 'pretty', 'feelsbad', 'moment', 'console', 'player', 'real', 'solution', 'fix', 'otherwise', 'quite', 'visual', 'bug', 'well', 'performance', 'issue', 'dusk', 'dawn', 'lighting', 'system', 'presume', 'get', 'lot', 'update', 'well', 'overall', 'though', 'well', 'done']"
gaming,"I want to see if Mehrunes Dagon melts into a puddle and breaks the game if you try to attack his final form in the end while equipped with 100% or more damage reflection.

I loved breaking this game.",2025-04-25T14:26:14,"['want', 'see', 'mehrunes', 'dagon', 'melt', 'puddle', 'break', 'game', 'try', 'attack', 'final', 'form', 'end', 'equipped', '100', 'damage', 'reflection', 'loved', 'breaking', 'game']"
gaming,No lol,2025-04-24T16:08:55,['lol']
gaming,A 20 year old game w new graphics is better than most new games in 2025. Just shows you how good Bethesda used to be.,2025-04-25T00:03:57,"['20', 'year', 'old', 'game', 'w', 'new', 'graphic', 'better', 'new', 'game', '2025', 'show', 'good', 'bethesda', 'used']"
gaming,Its kinda  halfway point. Because its all new assets and there are some gameplay changes. But for the most part the gameplay is exactly the same and most of the voicelines are the original.,2025-04-24T16:38:45,"['kinda', 'halfway', 'point', 'new', 'asset', 'gameplay', 'change', 'part', 'gameplay', 'exactly', 'voicelines', 'original']"
gaming,"Only because they overhauled the visuals entirely in a new engine.

Everything below the surface is still the original game code, handled by the original Gambryo engine.",2025-04-24T16:12:54,"['overhauled', 'visuals', 'entirely', 'new', 'engine', 'everything', 'surface', 'still', 'original', 'game', 'code', 'handled', 'original', 'gambryo', 'engine']"
gaming,That‚Äôs because our standard for remasters is so low,2025-04-24T16:07:16,"['that‚Äôs', 'standard', 'remasters', 'low']"
gaming,"Hot take, there OP


It's not a remake or a remaster.


It's a remasterpiece",2025-04-24T16:25:01,"['hot', 'take', 'op', 'remake', 'remaster', 'remasterpiece']"
gaming,I'd love if fallout 3 remake had destructible environments to a degree. I don't know if they'll go that far though,2025-04-24T16:26:28,"['id', 'love', 'fallout', '3', 'remake', 'destructible', 'environment', 'degree', 'dont', 'know', 'theyll', 'go', 'far', 'though']"
gaming,The update to the level system alone makes it a big win for me. On the OG it was so painful to have to keep track of the skills you leveled up.,2025-04-24T16:35:49,"['update', 'level', 'system', 'alone', 'make', 'big', 'win', 'og', 'painful', 'keep', 'track', 'skill', 'leveled']"
gaming,"I'm quite sure they call it Remaster to ""undersell"" it. It fits the marketing of the game as well, though I also see why calling it remake would be a bit much. It's really an in between kinda thing. Though if it was led by a hype campaign, you can absolutely believe they would have called it remade.",2025-04-24T17:21:14,"['im', 'quite', 'sure', 'call', 'remaster', 'undersell', 'fit', 'marketing', 'game', 'well', 'though', 'also', 'see', 'calling', 'remake', 'would', 'bit', 'much', 'really', 'kinda', 'thing', 'though', 'led', 'hype', 'campaign', 'absolutely', 'believe', 'would', 'called', 'remade']"
gaming,Is it really worth buying again? I can't trust the Bethesda glazers,2025-04-24T17:24:14,"['really', 'worth', 'buying', 'cant', 'trust', 'bethesda', 'glazer']"
gaming,From what I've played they have virtually improved on everything I hated about Oblivion. It is genuinely a gorgeous game whereas 2005 Oblivion already looked dated and washed out.,2025-04-24T17:41:38,"['ive', 'played', 'virtually', 'improved', 'everything', 'hated', 'oblivion', 'genuinely', 'gorgeous', 'game', 'whereas', '2005', 'oblivion', 'already', 'looked', 'dated', 'washed']"
gaming,"Man, I sold my consoles a while ago w/out a gaming PC and this is probably the only release that has me SERIOUSLY wanting to build my gaming PC that I promised I would hold off on until end of year.",2025-04-24T17:43:51,"['man', 'sold', 'console', 'ago', 'wout', 'gaming', 'pc', 'probably', 'release', 'seriously', 'wanting', 'build', 'gaming', 'pc', 'promised', 'would', 'hold', 'end', 'year']"
gaming,It seems they remade the graphic but remastered the rest...I bet they looked at what sold more..remake or remaster and chose based off that lol,2025-04-24T17:57:39,"['seems', 'remade', 'graphic', 'remastered', 'resti', 'bet', 'looked', 'sold', 'moreremake', 'remaster', 'chose', 'based', 'lol']"
gaming,"Its similar to Demon's Souls remake. Visual Remake, gameplay wise it's the same game running on original engine in the back with couple of small QoL changes.",2025-04-24T18:15:18,"['similar', 'demon', 'soul', 'remake', 'visual', 'remake', 'gameplay', 'wise', 'game', 'running', 'original', 'engine', 'back', 'couple', 'small', 'qol', 'change']"
gaming,"I think visually the interiors are fantastic, in the models and in the lighting. The exterior world to me though looks very flat a lot of the time, but I haven‚Äôt seen anybody else mention it. Does anybody agree? I‚Äôm really enjoying it overall so far though!",2025-04-24T19:20:38,"['think', 'visually', 'interior', 'fantastic', 'model', 'lighting', 'exterior', 'world', 'though', 'look', 'flat', 'lot', 'time', 'haven‚Äôt', 'seen', 'anybody', 'else', 'mention', 'anybody', 'agree', 'i‚Äôm', 'really', 'enjoying', 'overall', 'far', 'though']"
gaming,Cant wait to dig my teeth into this soon. Desperately hoping they eventually do morrowind but i doubt it,2025-04-24T19:54:14,"['cant', 'wait', 'dig', 'teeth', 'soon', 'desperately', 'hoping', 'eventually', 'morrowind', 'doubt']"
gaming,Are there actually two moons? I have yet to see the second.,2025-04-24T20:46:50,"['actually', 'two', 'moon', 'yet', 'see', 'second']"
gaming,There are parts of the game that feel brand new and some that feel limited by 2006 game design.,2025-04-24T20:48:34,"['part', 'game', 'feel', 'brand', 'new', 'feel', 'limited', '2006', 'game', 'design']"
gaming,"It's terrific.¬† Looks better than Skyrim.¬† I do think I like the Skyrim leveling system more, but whatever.¬†¬†",2025-04-24T20:49:25,"['terrific', 'look', 'better', 'skyrim', 'think', 'like', 'skyrim', 'leveling', 'system', 'whatever']"
gaming,It‚Äôs absolutely incredible. The only downside is that all I can think about is how much I need this for Fallout 3.,2025-04-24T22:04:52,"['it‚Äôs', 'absolutely', 'incredible', 'downside', 'think', 'much', 'need', 'fallout', '3']"
gaming,"First they came for my controllers, because I was not a controller... wait fuck.",2025-04-30T04:26:29,"['first', 'came', 'controller', 'controller', 'wait', 'fuck']"
gaming,"Wow, just bought one a month ago. Hope you all can grab one too!",2025-04-30T04:21:40,"['wow', 'bought', 'one', 'month', 'ago', 'hope', 'grab', 'one']"
gaming,"I talk for a living with engineers, fabricators, and manufacturers here in the USA. They are starting to feel it, it‚Äôs going to get worse. There‚Äôs literally no plan in place for this stuff to transition over. A lot of small business are going to die off and only big business is getting exempted",2025-04-30T04:47:29,"['talk', 'living', 'engineer', 'fabricator', 'manufacturer', 'usa', 'starting', 'feel', 'it‚Äôs', 'going', 'get', 'worse', 'there‚Äôs', 'literally', 'plan', 'place', 'stuff', 'transition', 'lot', 'small', 'business', 'going', 'die', 'big', 'business', 'getting', 'exempted']"
gaming,That's upsetting. I really like 8bitdo.,2025-04-30T04:30:20,"['thats', 'upsetting', 'really', 'like', '8bitdo']"
gaming,Are we great yet?,2025-04-30T04:39:11,"['great', 'yet']"
gaming,This is sad but it‚Äôs gunna be nothing compared the real problems coming to the US.,2025-04-30T04:33:58,"['sad', 'it‚Äôs', 'gunna', 'nothing', 'compared', 'real', 'problem', 'coming', 'u']"
gaming,Call them ‚ÄúTrump tariffs‚Äù. Say it loudly.¬†,2025-04-30T04:30:35,"['call', '‚Äútrump', 'tariffs‚Äù', 'say', 'loudly']"
gaming,Seeing that this sub has a lot of open conservatives I hope y‚Äôall continue to get fucked.,2025-04-30T04:27:53,"['seeing', 'sub', 'lot', 'open', 'conservative', 'hope', 'y‚Äôall', 'continue', 'get', 'fucked']"
gaming,"It turns out putting a tax on everything at the ports is bad economics, who'd have thought",2025-04-30T04:51:56,"['turn', 'putting', 'tax', 'everything', 'port', 'bad', 'economics', 'whod', 'thought']"
gaming,"Hope all you incel gamer ""bros"" love getting what you voted for.",2025-04-30T04:23:22,"['hope', 'incel', 'gamer', 'bros', 'love', 'getting', 'voted']"
gaming,Americans learning what it feels like to be Brazilian,2025-04-30T16:34:09,"['american', 'learning', 'feel', 'like', 'brazilian']"
gaming,"Is there any website acting as a centralized repository of the tariff impacts? I.e. ""this was the pre-tariff price, here is what it is now"" for a variety of consumer goods?",2025-04-30T04:37:11,"['website', 'acting', 'centralized', 'repository', 'tariff', 'impact', 'ie', 'pretariff', 'price', 'variety', 'consumer', 'good']"
gaming,"""China pays""",2025-04-30T05:00:25,"['china', 'pay']"
gaming,That's alright. I'll just pick up a replacement game controller from my local artisan game controller shop. Farm to console. Fresh picked right from the fields of peripheral trees.,2025-04-30T13:04:33,"['thats', 'alright', 'ill', 'pick', 'replacement', 'game', 'controller', 'local', 'artisan', 'game', 'controller', 'shop', 'farm', 'console', 'fresh', 'picked', 'right', 'field', 'peripheral', 'tree']"
gaming,Americans are about to know what it feels like to not be American trying to buy products not sold Internationally.,2025-04-30T13:59:53,"['american', 'know', 'feel', 'like', 'american', 'trying', 'buy', 'product', 'sold', 'internationally']"
gaming,Negative IQ administration,2025-04-30T15:03:28,"['negative', 'iq', 'administration']"
gaming,"The US is fucked and it's only going to get worse. I'm cutting back on all spending and preparing for food instability.

We're on our own fellas. Good luck.",2025-04-30T05:31:25,"['u', 'fucked', 'going', 'get', 'worse', 'im', 'cutting', 'back', 'spending', 'preparing', 'food', 'instability', 'fella', 'good', 'luck']"
gaming,Thanks trumptards,2025-04-30T19:14:04,"['thanks', 'trumptards']"
gaming,"So much winning. I‚Äôm just so tired of all the winning.

/s",2025-04-30T04:22:10,"['much', 'winning', 'i‚Äôm', 'tired', 'winning']"
gaming,"Don't forget to say thankyou to JD, Krasnov and Musky!",2025-04-30T06:21:08,"['dont', 'forget', 'say', 'thankyou', 'jd', 'krasnov', 'musky']"
gaming,Last month I got two 8-bit ultimate for my laptop and my home PC prob the best controllers I've ever had,2025-04-30T05:21:35,"['last', 'month', 'got', 'two', '8bit', 'ultimate', 'laptop', 'home', 'pc', 'prob', 'best', 'controller', 'ive', 'ever']"
gaming,"

I don't get it?

I thought other countries would pay the tarrif?",2025-04-30T04:36:51,"['dont', 'get', 'thought', 'country', 'would', 'pay', 'tarrif']"
gaming,Hold on your gadgets. We will see used items have higher price than new one soon.,2025-04-30T10:26:50,"['hold', 'gadget', 'see', 'used', 'item', 'higher', 'price', 'new', 'one', 'soon']"
gaming,Annnnnd they are all bought and being scalped for 10x the price.,2025-04-30T13:07:29,"['annnnnd', 'bought', 'scalped', '10x', 'price']"
gaming,This is all my fault guys. I looked into buying a new controller quite literally yesterday.,2025-04-30T13:44:40,"['fault', 'guy', 'looked', 'buying', 'new', 'controller', 'quite', 'literally', 'yesterday']"
gaming,Switch owners in sh√†mbl√©s üòî,2025-04-30T19:06:42,"['switch', 'owner', 'sh√†mbl√©s']"
gaming,They're still shipping to Canada. All good here.,2025-04-30T08:43:43,"['theyre', 'still', 'shipping', 'canada', 'good']"
gaming,"I got one of their Ultimate 2C controllers, and 2 of their Retro Mechanical keyboards, the C64, and IBM one.

Fantastic hardware. This is really sad to see because of how utterly pointless this all is.

Fuck trump, and fuck whoever voted for this shit.",2025-04-30T04:45:33,"['got', 'one', 'ultimate', '2c', 'controller', '2', 'retro', 'mechanical', 'keyboard', 'c64', 'ibm', 'one', 'fantastic', 'hardware', 'really', 'sad', 'see', 'utterly', 'pointless', 'fuck', 'trump', 'fuck', 'whoever', 'voted', 'shit']"
gaming,I don't even use their controllers but fuck it sucks being an american right now.,2025-04-30T04:52:44,"['dont', 'even', 'use', 'controller', 'fuck', 'suck', 'american', 'right']"
gaming,Guess too much winning again.,2025-04-30T04:31:26,"['guess', 'much', 'winning']"
gaming,"Always been a fan. Just picked up a wireless xbox 360 type one the other day , glad I did. Thanks you orange baboon.",2025-04-30T13:14:11,"['always', 'fan', 'picked', 'wireless', 'xbox', '360', 'type', 'one', 'day', 'glad', 'thanks', 'orange', 'baboon']"
gaming,Their oppressing gamers those fascist,2025-04-30T18:39:34,"['oppressing', 'gamers', 'fascist']"
gaming,"Awesome!  Literally one of the best controller makers in the market.  I am lucky to have a bunch of controllers, but this is disappointing.  I voted for Kamala, I did my part‚Ä¶",2025-04-30T18:53:18,"['awesome', 'literally', 'one', 'best', 'controller', 'maker', 'market', 'lucky', 'bunch', 'controller', 'disappointing', 'voted', 'kamala', 'part‚Ä¶']"
gaming,"I literally have wanted one so bad to play contra but I‚Äôve been tight on money, just this month I was about to turn it around but I got laid off üòî",2025-04-30T05:04:22,"['literally', 'wanted', 'one', 'bad', 'play', 'contra', 'i‚Äôve', 'tight', 'money', 'month', 'turn', 'around', 'got', 'laid']"
gaming,*Canada snickers*,2025-04-30T14:35:27,"['canada', 'snicker']"
gaming,These are actually the best controllers on the market. F,2025-04-30T04:36:54,"['actually', 'best', 'controller', 'market', 'f']"
gaming,I was just about to order one to play games on my iPad. Can you still order them from Amazon?,2025-04-30T05:35:13,"['order', 'one', 'play', 'game', 'ipad', 'still', 'order', 'amazon']"
gaming,So what is their best controller for pc?  So many god damn models.,2025-04-30T06:07:43,"['best', 'controller', 'pc', 'many', 'god', 'damn', 'model']"
gaming,"Man, I hope 8BitDo releases a blue and red variant of the Ultimate 2 to go alongside the black and white editions I paid less than ¬£40 each for from AliExpress.",2025-04-30T08:10:07,"['man', 'hope', '8bitdo', 'release', 'blue', 'red', 'variant', 'ultimate', '2', 'go', 'alongside', 'black', 'white', 'edition', 'paid', 'less', '¬£40', 'aliexpress']"
gaming,"Damn I love their controllers. They are one of the few replacement joysticks to fit the Steam Controller with, too, an excellent upgrade.",2025-04-30T12:53:24,"['damn', 'love', 'controller', 'one', 'replacement', 'joystick', 'fit', 'steam', 'controller', 'excellent', 'upgrade']"
gaming,"Fantastic controllers. Been using SN30 for a while, perfect for games that I usually play. Connects to Switch easily too.",2025-04-30T18:22:15,"['fantastic', 'controller', 'using', 'sn30', 'perfect', 'game', 'usually', 'play', 'connects', 'switch', 'easily']"
gaming,That sucks! 8bitdo makes great products.,2025-04-30T19:19:26,"['suck', '8bitdo', 'make', 'great', 'product']"
gaming,"Thanks, Obama.",2025-05-01T10:09:56,"['thanks', 'obama']"
gaming,And who voted for the guy that initiated these tariffs? You can thank them.,2025-04-30T11:03:03,"['voted', 'guy', 'initiated', 'tariff', 'thank']"
gaming,"If you voted for Trump, this is your fault",2025-04-30T11:34:00,"['voted', 'trump', 'fault']"
gaming,I'm so glad I took the plunge and upgraded to a more powerful pc after the election results. One less thing to worry about.,2025-04-30T08:21:59,"['im', 'glad', 'took', 'plunge', 'upgraded', 'powerful', 'pc', 'election', 'result', 'one', 'less', 'thing', 'worry']"
gaming,Considering the fact that they fall apart as quickly as they do this isn't the end of the world.,2025-04-30T23:41:50,"['considering', 'fact', 'fall', 'apart', 'quickly', 'isnt', 'end', 'world']"
gaming,‚ÄúBut but but i don‚Äôt want politics in games‚Äù yeah you helped this. Deserved.,2025-04-30T08:01:19,"['‚Äúbut', 'don‚Äôt', 'want', 'politics', 'games‚Äù', 'yeah', 'helped', 'deserved']"
gaming,"They have a warehouse in the US, nowhere in the article does it say that they are stopping shipments to their own warehouse, it says they are stopping shipments from their China warehouse directly to US customers.  

The website apparently only tells you at checkout which articles are not available in the US warehouse, i'm sure they will update the website so this becomes a less clunky process.  

I'm sure 8bitdo will figure something out for you guys long term.",2025-04-30T08:38:25,"['warehouse', 'u', 'nowhere', 'article', 'say', 'stopping', 'shipment', 'warehouse', 'say', 'stopping', 'shipment', 'china', 'warehouse', 'directly', 'u', 'customer', 'website', 'apparently', 'tell', 'checkout', 'article', 'available', 'u', 'warehouse', 'im', 'sure', 'update', 'website', 'becomes', 'less', 'clunky', 'process', 'im', 'sure', '8bitdo', 'figure', 'something', 'guy', 'long', 'term']"
gaming,A great moment for Canada.,2025-04-30T15:23:47,"['great', 'moment', 'canada']"
